{
    "rmse": 1.2016976283617866,
    "mae": 0.5980956079971356,
    "r2": 0.9798694186935426
}